breed,disease,severity,recommendation
Abyssinian,Enfermedad periodontal,Media,Higiene dental y controles veterinarios frecuentes
Abyssinian,Amiloidosis renal,Alta,Monitorear función renal periódicamente
Abyssinian,Atrofia progresiva de retina,Media,Realizar revisiones oftalmológicas
Bengal,Cardiomiopatía hipertrófica,Alta,Realizar ecocardiogramas preventivos
Bengal,Atrofia progresiva de retina,Media,Controles visuales regulares
Bengal,Displasia de cadera,Media,Evitar sobrepeso y monitorear movilidad
Bombay,Problemas respiratorios,Media,Evitar ambientes con humo o polvo
Bombay,Obesidad,Media,Controlar dieta y ejercicio
Bombay,Cardiomiopatía hipertrófica,Alta,Chequeos cardíacos periódicos
Birman,Enfermedad renal poliquística,Alta,Monitoreo renal constante
Birman,Obesidad,Media,Mantener dieta balanceada
Birman,Cardiomiopatía hipertrófica,Alta,Revisiones veterinarias frecuentes
British Shorthair,Obesidad,Alta,Control nutricional y actividad física
British Shorthair,Cardiomiopatía hipertrófica,Alta,Ecocardiogramas preventivos
British Shorthair,Enfermedad periodontal,Media,Limpieza dental frecuente
Maine Coon,Cardiomiopatía hipertrófica,Alta,Monitoreo cardíaco regular
Maine Coon,Displasia de cadera,Alta,Evitar sobrepeso y realizar ejercicio moderado
Maine Coon,Atrofia muscular espinal,Media,Controles neurológicos
Persian,Problemas respiratorios,Alta,Evitar calor extremo y monitorear respiración
Persian,Enfermedad renal poliquística,Alta,Revisiones renales periódicas
Persian,Problemas oculares,Media,Limpieza y revisión ocular frecuente
Egyptian Mau,Cardiomiopatía hipertrófica,Alta,Chequeos cardíacos preventivos
Egyptian Mau,Asma felina,Media,Evitar ambientes contaminados
Egyptian Mau,Obesidad,Media,Mantener actividad física constante
Ragdoll,Cardiomiopatía hipertrófica,Alta,Monitoreo cardíaco frecuente
Ragdoll,Cálculos urinarios,Media,Control de hidratación y alimentación
Ragdoll,Obesidad,Media,Controlar ingesta calórica
Russian Blue,Obesidad,Media,Ejercicio diario y dieta controlada
Russian Blue,Problemas urinarios,Media,Monitorear hábitos urinarios
Russian Blue,Diabetes felina,Media,Evitar sobrepeso
Siamese,Problemas respiratorios,Media,Evitar cambios bruscos de temperatura
Siamese,Amiloidosis,Alta,Monitoreo hepático y renal
Siamese,Problemas visuales,Baja,Revisión oftalmológica
Sphynx,Cardiomiopatía hipertrófica,Alta,Controles cardíacos frecuentes
Sphynx,Problemas dermatológicos,Alta,Higiene regular de la piel
Sphynx,Hipotermia,Media,Evitar exposición al frío
Boxer,Cardiomiopatía dilatada,Alta,Chequeos cardíacos frecuentes
Boxer,Cáncer,Alta,Controles veterinarios preventivos
Boxer,Displasia de cadera,Media,Monitorear movilidad y peso
Keeshond,Epilepsia,Media,Controles neurológicos
Keeshond,Displasia de cadera,Media,Evitar obesidad
Keeshond,Hipotiroidismo,Media,Exámenes hormonales periódicos
Havanese,Cataratas,Media,Controles oftalmológicos
Havanese,Sordera congénita,Baja,Evaluaciones auditivas
Havanese,Problemas dentales,Media,Higiene dental constante
Basset Hound,Problemas de columna,Alta,Evitar saltos excesivos
Basset Hound,Obesidad,Alta,Control de alimentación
Basset Hound,Infecciones de oído,Media,Limpieza frecuente de orejas
English Setter,Displasia de cadera,Alta,Monitorear actividad física
English Setter,Hipotiroidismo,Media,Exámenes veterinarios regulares
English Setter,Sordera congénita,Baja,Pruebas auditivas preventivas
Miniature Pinscher,Luxación de rótula,Media,Evitar ejercicios bruscos
Miniature Pinscher,Epilepsia,Media,Controles neurológicos
Miniature Pinscher,Problemas dentales,Media,Higiene oral frecuente
Chihuahua,Problemas cardíacos,Alta,Chequeos veterinarios frecuentes
Chihuahua,Hipoglucemia,Media,Alimentación regular
Chihuahua,Luxación de rótula,Media,Evitar saltos altos
Great Pyrenees,Displasia de cadera,Alta,Controlar peso corporal
Great Pyrenees,Torsión gástrica,Alta,Fraccionar comidas
Great Pyrenees,Osteosarcoma,Alta,Monitoreo veterinario continuo
German Shorthaired,Displasia de cadera,Alta,Ejercicio moderado y control veterinario
German Shorthaired,Torsión gástrica,Alta,Evitar ejercicio después de comer
German Shorthaired,Epilepsia,Media,Seguimiento neurológico
Beagle,Obesidad,Alta,Control estricto de dieta
Beagle,Epilepsia,Media,Monitoreo veterinario
Beagle,Hipotiroidismo,Media,Exámenes hormonales periódicos
Staffordshire Bull Terrier,Alergias cutáneas,Media,Evitar alérgenos comunes
Staffordshire Bull Terrier,Displasia de cadera,Media,Monitorear movilidad
Staffordshire Bull Terrier,Cataratas,Media,Revisiones oftalmológicas
English Cocker Spaniel,Infecciones de oído,Alta,Limpieza frecuente de orejas
English Cocker Spaniel,Cataratas,Media,Controles oftalmológicos
English Cocker Spaniel,Problemas cardíacos,Media,Chequeos veterinarios
New Found Land,Displasia de cadera,Alta,Evitar sobrepeso
New Found Land,Problemas cardíacos,Alta,Monitoreo cardíaco constante
New Found Land,Torsión gástrica,Alta,Fraccionar comidas
Pomeranian,Colapso traqueal,Alta,Evitar collares ajustados
Pomeranian,Problemas dentales,Media,Higiene oral frecuente
Pomeranian,Luxación de rótula,Media,Evitar saltos bruscos
Leonberger,Displasia de cadera,Alta,Controlar actividad física
Leonberger,Osteosarcoma,Alta,Monitoreo veterinario frecuente
Leonberger,Problemas cardíacos,Alta,Chequeos cardíacos regulares
American Pit Bull Terrier,Alergias cutáneas,Media,Control dermatológico frecuente
American Pit Bull Terrier,Displasia de cadera,Media,Evitar obesidad
American Pit Bull Terrier,Hipotiroidismo,Media,Exámenes hormonales
Wheaten Terrier,Enfermedad renal,Alta,Monitoreo renal constante
Wheaten Terrier,Alergias cutáneas,Media,Evitar irritantes ambientales
Wheaten Terrier,Problemas digestivos,Media,Dieta controlada
Japanese Chin,Problemas respiratorios,Alta,Evitar ejercicio intenso en calor
Japanese Chin,Problemas cardíacos,Media,Chequeos veterinarios frecuentes
Japanese Chin,Luxación de rótula,Media,Evitar superficies resbalosas
Samyod,Displasia de cadera,Alta,Control de peso y actividad
Samyod,Diabetes,Media,Control alimenticio
Samyod,Problemas oculares,Media,Revisiones oftalmológicas
Scottish Terrier,Cáncer de vejiga,Alta,Controles veterinarios preventivos
Scottish Terrier,Alergias cutáneas,Media,Monitoreo dermatológico
Scottish Terrier,Problemas hepáticos,Media,Exámenes de sangre periódicos
Shiba Inu,Alergias cutáneas,Media,Evitar alimentos irritantes
Shiba Inu,Luxación de rótula,Media,Monitorear movilidad
Shiba Inu,Glaucoma,Alta,Controles oftalmológicos frecuentes
Pug,Síndrome braquicefálico,Alta,Evitar calor extremo y ejercicio intenso
Pug,Problemas respiratorios,Alta,Monitorear respiración constantemente
Pug,Obesidad,Media,Control nutricional estricto
Saint Bernard,Displasia de cadera,Alta,Evitar sobrepeso
Saint Bernard,Torsión gástrica,Alta,Fraccionar alimentación diaria
Saint Bernard,Problemas cardíacos,Alta,Monitoreo veterinario frecuente
American Bulldog,Displasia de cadera,Alta,Controlar peso corporal
American Bulldog,Problemas respiratorios,Media,Evitar ejercicio excesivo en calor
American Bulldog,Alergias cutáneas,Media,Monitoreo dermatológico
Yorkshire Terrier,Colapso traqueal,Alta,Evitar collares ajustados
Yorkshire Terrier,Problemas dentales,Alta,Higiene oral frecuente
Yorkshire Terrier,Hipoglucemia,Media,Alimentación balanceada
